Workbook

Sheet Sprint Plan
A1: SPRINT PLAN - ECOS DEL GRIMORIO (al inicio del Sprint 3)
A2: El Sprint 2 se marca como terminado al entregar el Producto 2. Las tareas que quedaron pendientes pasan al backlog de este sprint.
A3: Sprintid | B3: Inicio | C3: Días | D3: Fin | E3: Estado | F3: Meta | G3: Entrega
A4: 1 | B4: 46266 | C4: =D4-B4+1 -> 18 | D4: 46283 | E4: Terminado | F4: Preproducción y arte: GDD, bocetos, arte conceptual de personajes, enemigos, fondos, ítems y UI. | G4: Producto 1 (18 sep)
A5: 2 | B5: 46284 | C5: =D5-B5+1 -> 42 | D5: 46325 | E5: Terminado | F5: Juego completo jugable en Unity: 5 alas, 4 guardianes y jefe final, logros, Modo Archimaga, opciones, resultados, música y voces. Pruebas Alfa. | G5: Producto 2 (30 oct)
A6: 3 | B6: 46326 | C6: =D6-B6+1 -> 21 | D6: 46346 | E6: En desarrollo | F6: Pruebas Beta (cerradas y abiertas), balance de dificultad, corrección de bugs y borrador del Postmortem. | G6: Producto 3 (20 nov)
A7: 4 | B7: 46347 | C7: =D7-B7+1 -> 10 | D7: 46356 | E7: Planeado | F7: Gold Master: build final, Postmortem completo y entrega. | G7: Gold Master (30 nov)

Sheet Sprint Backlog
A1: SPRINT BACKLOG - SPRINT 3 (31 oct - 20 nov, 2026)
A2: T50 a T52 se adelantaron el 20 de octubre, antes de que empezara el sprint. Al terminar una tarea se cambia el Estado y se escribe la fecha en Fin; las gráficas se actualizan solas.
A3: TaskID | B3: Featureid | C3: Nombre de la tarea | D3: Miembro | E3: Rol | F3: Estado | G3: Esfuerzo (hrs) | H3: Inicio | I3: Fin
A4: T50 | B4: 26 | C4: Preparar el .exe 1.0, el formato de Pruebas Beta y la carpeta para compartir | D4: Alejandro Pérez Alcántara | E4: Programador | F4: Terminado | G4: 2 | H4: 46315 | I4: 46315
A5: T51 | B5: 26 | C5: Diagrama de Gantt del proyecto completo | D5: Alejandro Pérez Alcántara | E5: Programador | F5: Terminado | G5: 1 | H5: 46315 | I5: 46315
A6: T52 | B6: 26 | C6: Borrador del Postmortem con lo que se sabe hasta ahora | D6: Alejandro Pérez Alcántara | E6: Programador | F6: En desarrollo | G6: 3 | H6: 46315
A7: T53 | B7: 24 | C7: Probar el .exe en otra computadora (pendiente del Sprint 2, T33) | D7: Alejandro Pérez Alcántara | E7: Programador | F7: Planeado | G7: 1
A8: T54 | B8: 14 | C8: Terminar las pruebas Alfa pendientes (PA-09, 10, 11, 13, 14, 16 y 17) | D8: Alejandro Pérez Alcántara | E8: Programador | F8: Planeado | G8: 2
A9: T55 | B9: 26 | C9: Pruebas Beta cerradas: 3 compañeros del grupo con el formato impreso | D9: Alejandro Pérez Alcántara | E9: Programador | F9: Planeado | G9: 4
A10: T56 | B10: 26 | C10: Pruebas Beta abiertas: compartir el .zip con más personas | D10: Alejandro Pérez Alcántara | E10: Programador | F10: Planeado | G10: 3
A11: T57 | B11: 26 | C11: Capturar los formatos en la hoja Pruebas Beta | D11: Alejandro Pérez Alcántara | E11: Programador | F11: Planeado | G11: 2
A12: T58 | B12: 14 | C12: Pasar los errores de las pruebas al Buglist y darles severidad | D12: Alejandro Pérez Alcántara | E12: Programador | F12: Planeado | G12: 1
A13: T59 | B13: 14 | C13: Corregir los bugs de severidad Alta y Media | D13: Alejandro Pérez Alcántara | E13: Programador | F13: Planeado | G13: 8
A14: T60 | B14: 14 | C14: Balance de dificultad (vida y daño de enemigos y guardianes) según las pruebas | D14: Alejandro Pérez Alcántara | E14: Programador | F14: Planeado | G14: 4
A15: T61 | B15: 14 | C15: Pruebas de regresión de las cinco alas con el .exe nuevo | D15: Alejandro Pérez Alcántara | E15: Programador | F15: Planeado | G15: 3
A16: T62 | B16: 24 | C16: Compilar la versión corregida después de las pruebas Beta | D16: Alejandro Pérez Alcántara | E16: Programador | F16: Planeado | G16: 1
A17: T63 | B17: 25 | C17: Actualizar el manual y el documento del Producto 3 | D17: Alejandro Pérez Alcántara | E17: Programador | F17: Planeado | G17: 4
A18: T64 | B18: 26 | C18: Completar el Postmortem con los resultados de las pruebas Beta | D18: Alejandro Pérez Alcántara | E18: Programador | F18: Planeado | G18: 3
A19: T65 | B19: 14 | C19: Sprint Review del Sprint 3 | D19: Alejandro Pérez Alcántara | E19: Programador | F19: Planeado | G19: 1
F21: Total horas: | G21: =SUM(G4:G19) -> 43
F22: Terminadas: | G22: =COUNTIF(F4:F19,"Terminado")&" de "&COUNTA(A4:A19) -> 2 de 16
F23: Avance: | G23: =SUMIF(F4:F19,"Terminado",G4:G19)/G21 -> 0.069767442

Sheet Daily Huddle
A1: DAILY HUDDLE - SPRINT 3
A2: Se llena al iniciar cada sesión de trabajo. Las fechas son las sesiones planeadas; se pueden cambiar.
A3: Fecha | B3: ¿Qué hice desde el último Huddle? | C3: ¿Qué haré hoy? | D3: Impedimentos
A4: 46315 | B4: Saltar nivel, versión 1.0 del .exe y manual actualizado (cierre del Sprint 2). | C4: Preparar el Sprint 3: backlog, Gantt, borrador del Postmortem y hoja de Pruebas Beta. | D4: Todavía no hay formatos de Pruebas Beta llenos.
A5: 46326
A6: 46329
A7: 46331
A8: 46333
A9: 46336
A10: 46338
A11: 46340
A12: 46343
A13: 46345

Sheet Burn-down Chart
A1: BURN-DOWN CHART - SPRINT 3 (horas restantes)
A2: Ideal: línea recta del total de horas a cero. Real: horas de las tareas sin terminar a esa fecha (se llena sola con la columna Fin del backlog).
A3: Fecha | B3: Ideal (hrs) | C3: Real (hrs) | D3: Tareas restantes
A4: 46326 | B4: =ROUND('Sprint Backlog'!$G$21*('Sprint Plan'!$D$6-A4)/('Sprint Plan'!$D$6-'Sprint Plan'!$B$6),1) -> 43 | C4: =IF(A4>TODAY(),NA(),'Sprint Backlog'!$G$21-SUMIFS('Sprint Backlog'!$G$4:$G$19,'Sprint Backlog'!$F$4:$F$19,"Terminado",'Sprint Backlog'!$I$4:$I$19,"<="&A4)) -> #N/A | D4: =IF(A4>TODAY(),NA(),COUNTA('Sprint Backlog'!$A$4:$A$19)-COUNTIFS('Sprint Backlog'!$F$4:$F$19,"Terminado",'Sprint Backlog'!$I$4:$I$19,"<="&A4)) -> #N/A
A5: 46329 | B5: =ROUND('Sprint Backlog'!$G$21*('Sprint Plan'!$D$6-A5)/('Sprint Plan'!$D$6-'Sprint Plan'!$B$6),1) -> 36.6 | C5: =IF(A5>TODAY(),NA(),'Sprint Backlog'!$G$21-SUMIFS('Sprint Backlog'!$G$4:$G$19,'Sprint Backlog'!$F$4:$F$19,"Terminado",'Sprint Backlog'!$I$4:$I$19,"<="&A5)) -> #N/A | D5: =IF(A5>TODAY(),NA(),COUNTA('Sprint Backlog'!$A$4:$A$19)-COUNTIFS('Sprint Backlog'!$F$4:$F$19,"Terminado",'Sprint Backlog'!$I$4:$I$19,"<="&A5)) -> #N/A
A6: 46331 | B6: =ROUND('Sprint Backlog'!$G$21*('Sprint Plan'!$D$6-A6)/('Sprint Plan'!$D$6-'Sprint Plan'!$B$6),1) -> 32.3 | C6: =IF(A6>TODAY(),NA(),'Sprint Backlog'!$G$21-SUMIFS('Sprint Backlog'!$G$4:$G$19,'Sprint Backlog'!$F$4:$F$19,"Terminado",'Sprint Backlog'!$I$4:$I$19,"<="&A6)) -> #N/A | D6: =IF(A6>TODAY(),NA(),COUNTA('Sprint Backlog'!$A$4:$A$19)-COUNTIFS('Sprint Backlog'!$F$4:$F$19,"Terminado",'Sprint Backlog'!$I$4:$I$19,"<="&A6)) -> #N/A
A7: 46333 | B7: =ROUND('Sprint Backlog'!$G$21*('Sprint Plan'!$D$6-A7)/('Sprint Plan'!$D$6-'Sprint Plan'!$B$6),1) -> 28 | C7: =IF(A7>TODAY(),NA(),'Sprint Backlog'!$G$21-SUMIFS('Sprint Backlog'!$G$4:$G$19,'Sprint Backlog'!$F$4:$F$19,"Terminado",'Sprint Backlog'!$I$4:$I$19,"<="&A7)) -> #N/A | D7: =IF(A7>TODAY(),NA(),COUNTA('Sprint Backlog'!$A$4:$A$19)-COUNTIFS('Sprint Backlog'!$F$4:$F$19,"Terminado",'Sprint Backlog'!$I$4:$I$19,"<="&A7)) -> #N/A
A8: 46336 | B8: =ROUND('Sprint Backlog'!$G$21*('Sprint Plan'!$D$6-A8)/('Sprint Plan'!$D$6-'Sprint Plan'!$B$6),1) -> 21.5 | C8: =IF(A8>TODAY(),NA(),'Sprint Backlog'!$G$21-SUMIFS('Sprint Backlog'!$G$4:$G$19,'Sprint Backlog'!$F$4:$F$19,"Terminado",'Sprint Backlog'!$I$4:$I$19,"<="&A8)) -> #N/A | D8: =IF(A8>TODAY(),NA(),COUNTA('Sprint Backlog'!$A$4:$A$19)-COUNTIFS('Sprint Backlog'!$F$4:$F$19,"Terminado",'Sprint Backlog'!$I$4:$I$19,"<="&A8)) -> #N/A
A9: 46338 | B9: =ROUND('Sprint Backlog'!$G$21*('Sprint Plan'!$D$6-A9)/('Sprint Plan'!$D$6-'Sprint Plan'!$B$6),1) -> 17.2 | C9: =IF(A9>TODAY(),NA(),'Sprint Backlog'!$G$21-SUMIFS('Sprint Backlog'!$G$4:$G$19,'Sprint Backlog'!$F$4:$F$19,"Terminado",'Sprint Backlog'!$I$4:$I$19,"<="&A9)) -> #N/A | D9: =IF(A9>TODAY(),NA(),COUNTA('Sprint Backlog'!$A$4:$A$19)-COUNTIFS('Sprint Backlog'!$F$4:$F$19,"Terminado",'Sprint Backlog'!$I$4:$I$19,"<="&A9)) -> #N/A
A10: 46340 | B10: =ROUND('Sprint Backlog'!$G$21*('Sprint Plan'!$D$6-A10)/('Sprint Plan'!$D$6-'Sprint Plan'!$B$6),1) -> 12.9 | C10: =IF(A10>TODAY(),NA(),'Sprint Backlog'!$G$21-SUMIFS('Sprint Backlog'!$G$4:$G$19,'Sprint Backlog'!$F$4:$F$19,"Terminado",'Sprint Backlog'!$I$4:$I$19,"<="&A10)) -> #N/A | D10: =IF(A10>TODAY(),NA(),COUNTA('Sprint Backlog'!$A$4:$A$19)-COUNTIFS('Sprint Backlog'!$F$4:$F$19,"Terminado",'Sprint Backlog'!$I$4:$I$19,"<="&A10)) -> #N/A
A11: 46343 | B11: =ROUND('Sprint Backlog'!$G$21*('Sprint Plan'!$D$6-A11)/('Sprint Plan'!$D$6-'Sprint Plan'!$B$6),1) -> 6.5 | C11: =IF(A11>TODAY(),NA(),'Sprint Backlog'!$G$21-SUMIFS('Sprint Backlog'!$G$4:$G$19,'Sprint Backlog'!$F$4:$F$19,"Terminado",'Sprint Backlog'!$I$4:$I$19,"<="&A11)) -> #N/A | D11: =IF(A11>TODAY(),NA(),COUNTA('Sprint Backlog'!$A$4:$A$19)-COUNTIFS('Sprint Backlog'!$F$4:$F$19,"Terminado",'Sprint Backlog'!$I$4:$I$19,"<="&A11)) -> #N/A
A12: 46345 | B12: =ROUND('Sprint Backlog'!$G$21*('Sprint Plan'!$D$6-A12)/('Sprint Plan'!$D$6-'Sprint Plan'!$B$6),1) -> 2.2 | C12: =IF(A12>TODAY(),NA(),'Sprint Backlog'!$G$21-SUMIFS('Sprint Backlog'!$G$4:$G$19,'Sprint Backlog'!$F$4:$F$19,"Terminado",'Sprint Backlog'!$I$4:$I$19,"<="&A12)) -> #N/A | D12: =IF(A12>TODAY(),NA(),COUNTA('Sprint Backlog'!$A$4:$A$19)-COUNTIFS('Sprint Backlog'!$F$4:$F$19,"Terminado",'Sprint Backlog'!$I$4:$I$19,"<="&A12)) -> #N/A
A13: 46346 | B13: =ROUND('Sprint Backlog'!$G$21*('Sprint Plan'!$D$6-A13)/('Sprint Plan'!$D$6-'Sprint Plan'!$B$6),1) -> 0 | C13: =IF(A13>TODAY(),NA(),'Sprint Backlog'!$G$21-SUMIFS('Sprint Backlog'!$G$4:$G$19,'Sprint Backlog'!$F$4:$F$19,"Terminado",'Sprint Backlog'!$I$4:$I$19,"<="&A13)) -> #N/A | D13: =IF(A13>TODAY(),NA(),COUNTA('Sprint Backlog'!$A$4:$A$19)-COUNTIFS('Sprint Backlog'!$F$4:$F$19,"Terminado",'Sprint Backlog'!$I$4:$I$19,"<="&A13)) -> #N/A

Sheet Task Chart
A1: TASK CHART - SPRINT 3 (tareas restantes)
A2: Toma las tareas restantes de la hoja Burn-down Chart.
A3: Fecha | B3: Tareas restantes | C3: Terminadas
A4: ='Burn-down Chart'!A4 -> 46326 | B4: ='Burn-down Chart'!D4 -> #N/A | C4: =IF(ISNA(B4),NA(),COUNTA('Sprint Backlog'!$A$4:$A$19)-B4) -> #N/A
A5: ='Burn-down Chart'!A5 -> 46329 | B5: ='Burn-down Chart'!D5 -> #N/A | C5: =IF(ISNA(B5),NA(),COUNTA('Sprint Backlog'!$A$4:$A$19)-B5) -> #N/A
A6: ='Burn-down Chart'!A6 -> 46331 | B6: ='Burn-down Chart'!D6 -> #N/A | C6: =IF(ISNA(B6),NA(),COUNTA('Sprint Backlog'!$A$4:$A$19)-B6) -> #N/A
A7: ='Burn-down Chart'!A7 -> 46333 | B7: ='Burn-down Chart'!D7 -> #N/A | C7: =IF(ISNA(B7),NA(),COUNTA('Sprint Backlog'!$A$4:$A$19)-B7) -> #N/A
A8: ='Burn-down Chart'!A8 -> 46336 | B8: ='Burn-down Chart'!D8 -> #N/A | C8: =IF(ISNA(B8),NA(),COUNTA('Sprint Backlog'!$A$4:$A$19)-B8) -> #N/A
A9: ='Burn-down Chart'!A9 -> 46338 | B9: ='Burn-down Chart'!D9 -> #N/A | C9: =IF(ISNA(B9),NA(),COUNTA('Sprint Backlog'!$A$4:$A$19)-B9) -> #N/A
A10: ='Burn-down Chart'!A10 -> 46340 | B10: ='Burn-down Chart'!D10 -> #N/A | C10: =IF(ISNA(B10),NA(),COUNTA('Sprint Backlog'!$A$4:$A$19)-B10) -> #N/A
A11: ='Burn-down Chart'!A11 -> 46343 | B11: ='Burn-down Chart'!D11 -> #N/A | C11: =IF(ISNA(B11),NA(),COUNTA('Sprint Backlog'!$A$4:$A$19)-B11) -> #N/A
A12: ='Burn-down Chart'!A12 -> 46345 | B12: ='Burn-down Chart'!D12 -> #N/A | C12: =IF(ISNA(B12),NA(),COUNTA('Sprint Backlog'!$A$4:$A$19)-B12) -> #N/A
A13: ='Burn-down Chart'!A13 -> 46346 | B13: ='Burn-down Chart'!D13 -> #N/A | C13: =IF(ISNA(B13),NA(),COUNTA('Sprint Backlog'!$A$4:$A$19)-B13) -> #N/A

Sheet Buglist
A1: BUGLIST - SPRINT 3 (pruebas Beta)
A2: Continúa la numeración del Sprint 2 (B-001 a B-018). Autor = quien encontró el error (compañero o yo).
A3: BugID | B3: Descripción | C3: Descripción técnica | D3: Autor | E3: Estado | F3: Featureid | G3: Reportado | H3: Severidad
A4: B-014 | B4: No se podía abrir el pasadizo de la Página Perdida del Ala de Viento. | C4: Viene del Sprint 2. La caja tiene más espacio, regresa a su lugar si se cae y las puertas dan una pista. Falta confirmarlo en las pruebas. | D4: Alejandro Pérez Alcántara | E4: Por verificar | F4: 21 | G4: 46302 | H4: Media
A5: B-019
A6: B-020
A7: B-021
A8: B-022
A9: B-023
A10: B-024
A11: B-025
A12: B-026
A13: B-027
A14: B-028
A15: B-029
A16: B-030
... A19: B-033
D21: Corregidos: | E21: =COUNTIF(E4:E19,"Corregido")&" de "&COUNTA(B4:B19) -> 0 de 1

Sheet Pruebas Beta
A1: PRUEBAS BETA - SPRINT 3 (31 oct - 20 nov, 2026)
A2: Una fila por cada persona que prueba el juego, copiada de su formato de Pruebas Beta. Calificaciones del 1 (malo) al 5 (excelente). Los errores nuevos se pasan al Buglist con su BugID.
A3: ID | B3: Fecha | C3: Jugador(a) | D3: Tipo | E3: Jugó con | F3: Ala a la que llegó | G3: Minutos jugados | H3: Diversión (1-5) | I3: Controles claros (1-5) | J3: Dificultad (1-5) | K3: Lo que más le gustó | L3: Lo que no entendió | M3: Errores (BugID) | N3: Estado
A4: PB-01
A5: PB-02
A6: PB-03
A7: PB-04
A8: PB-05
A9: PB-06
A10: PB-07
A11: PB-08
A12: PB-09
A13: PB-10
A14: PB-11
A15: PB-12
... A18: PB-15
F20: Personas que probaron: | H20: =COUNTA(C4:C18) -> 0
F21: Promedio diversión: | H21: =IF(COUNT(H4:H18)=0,"",ROUND(AVERAGE(H4:H18),1))
F22: Promedio controles: | H22: =IF(COUNT(I4:I18)=0,"",ROUND(AVERAGE(I4:I18),1))
F23: Promedio dificultad: | H23: =IF(COUNT(J4:J18)=0,"",ROUND(AVERAGE(J4:J18),1))
F24: Terminaron el juego: | H24: =COUNTIF(F4:F18,"Terminó el juego") -> 0

Sheet Gantt
A1: DIAGRAMA DE GANTT - ECOS DEL GRIMORIO (1 sep - 30 nov, 2026)
A2: Cada columna es una semana (empieza en lunes). La barra se pinta sola con las fechas de Inicio y Fin: verde = terminado, amarillo = en desarrollo, gris = planeado. Una entrega de un solo día es un hito.
G3: ago | H3: sep | L3: oct | P3: nov
A4: Sprint | B4: Actividad | C4: Inicio | D4: Fin | E4: Días | F4: Estado | G4: 46265 | H4: 46272 | I4: 46279 | J4: 46286 | K4: 46293 | L4: 46300 | M4: 46307 | N4: 46314 | O4: 46321 | P4: 46328 | Q4: 46335 | R4: 46342 | S4: 46349 | T4: 46356
A5: Sprint 1 | B5: Documento de diseño (GDD) | C5: 46266 | D5: 46283 | E5: =D5-C5+1 -> 18 | F5: Terminado
A6: Sprint 1 | B6: Bocetos y arte conceptual | C6: 46266 | D6: 46283 | E6: =D6-C6+1 -> 18 | F6: Terminado
A7: Sprint 1 | B7: Entrega del Producto 1 | C7: 46283 | D7: 46283 | E7: =D7-C7+1 -> 1 | F7: Terminado
A8: Sprint 2 | B8: Importar arte y código base | C8: 46284 | D8: 46295 | E8: =D8-C8+1 -> 12 | F8: Terminado
A9: Sprint 2 | B9: Herramienta CrearJuego, cinco alas y guardianes | C9: 46296 | D9: 46299 | E9: =D9-C9+1 -> 4 | F9: Terminado
A10: Sprint 2 | B10: Audio, interfaz, historia, secretos y acertijos | C10: 46300 | D10: 46300 | E10: =D10-C10+1 -> 1 | F10: Terminado
A11: Sprint 2 | B11: Correcciones, .exe, manual y documento del Producto 2 | C11: 46302 | D11: 46308 | E11: =D11-C11+1 -> 7 | F11: Terminado
A12: Sprint 2 | B12: Pruebas Alfa | C12: 46302 | D12: 46325 | E12: =D12-C12+1 -> 24 | F12: En desarrollo
A13: Sprint 2 | B13: Mejoras por las pruebas (apuntar, aves, secretos, sonidos, saltar nivel, fondos) | C13: 46310 | D13: 46316 | E13: =D13-C13+1 -> 7 | F13: Terminado
A14: Sprint 2 | B14: Versión web para celular (GitHub Pages) | C14: 46317 | D14: 46317 | E14: =D14-C14+1 -> 1 | F14: Terminado
A15: Sprint 2 | B15: Entrega del Producto 2 | C15: 46325 | D15: 46325 | E15: =D15-C15+1 -> 1 | F15: Planeado
A16: Sprint 3 | B16: Pruebas Beta cerradas | C16: 46326 | D16: 46333 | E16: =D16-C16+1 -> 8 | F16: Planeado
... A23: Sprint 4 | B23: Entrega Gold Master | C23: 46356 | D23: 46356 | E23: =D23-C23+1 -> 1 | F23: Planeado
B25: La semana actual se marca en rojo en la fila de fechas.

Sheet Sprint Review
A1: SPRINT REVIEW - SPRINT 3 (se llena al cierre, 20 de noviembre de 2026)
A3: Meta del sprint | B3: Probar el juego con otras personas (Beta cerrada y abierta), corregir lo que encuentren, balancear la dificultad y tener el borrador del Postmortem.
A4: Tareas terminadas | B4: =COUNTIF('Sprint Backlog'!$F$4:$F$19,"Terminado")&" de "&COUNTA('Sprint Backlog'!$A$4:$A$19) -> 2 de 16
A5: Horas terminadas | B5: =SUMIF('Sprint Backlog'!$F$4:$F$19,"Terminado",'Sprint Backlog'!$G$4:$G$19)&" de "&'Sprint Backlog'!$G$21&" hrs" -> 3 de 43 hrs
A6: Personas que probaron | B6: ='Pruebas Beta'!H20 -> 0
A7: Bugs corregidos | B7: =Buglist!E21 -> 0 de 1
A8: Demostración
A9: ¿Qué salió bien?
A10: ¿Qué salió mal?
A11: Ajustes para el Sprint 4
A12: Fecha de cierre | B12: 20 de noviembre de 2026 (entrega del Producto 3)
